('converting', 'VBG')
('somehow', 'NN')
('code', 'NN')
('log2v255', 'NN')
('solve', 'VBP')
('data_size262', 'NN')
('datastreams', 'NNS')
('copied', 'VBD')
('within', 'IN')
('enhancements', 'NNS')
('zlib_io_max', 'VBP')
('colormapped', 'VBN')
('inverts', 'NNS')
('wider', 'RBR')
('appends', 'VBZ')
('pp->read_filter', 'JJ')
('subtraction', 'NN')
('statistics', 'NNS')
('detection', 'NN')
('since', 'IN')
('sticky', 'JJ')
('multiplier', 'JJR')
('libpng-1220', 'JJ')
('sane', 'NN')
('pngsetc', 'NN')
('mediawhitepointtag', 'NN')
('write_bgr', 'JJ')
('discussion', 'NN')
('cast', 'VBD')
('rgbxxx', 'JJ')
('pngtestpng', 'NN')
('comparisonchecking', 'VBG')
('png_handle_chunk_if_safe', 'JJ')
('g-8', 'JJ')
('write_transforms', 'NNS')
('fixed_point', 'VBP')
('image_bytes', 'VBZ')
('non-gray', 'JJ')
('supports', 'NNS')
('eliminating', 'VBG')
('1100000ths', 'CD')
('memory_free', 'JJ')
('png_div257', 'NN')
('low-bit-depth', 'JJ')
('release_build', 'NN')
('deprecate', 'NN')
('opposite', 'JJ')
('declarations', 'NNS')
('output_is_encoded', 'VBD')
('reports', 'NNS')
('memcpy', 'VBD')
('>background_gamma_typepng_background_gamma_unknown', 'JJ')
('api', 'RB')
('detected', 'VBN')
('lines', 'NNS')
('png_pass_colswidth', 'JJ')
('cinfo', 'JJ')
('work-round', 'NN')
('dbl_epsilon', 'NN')
('interrupted', 'VBD')
('ideal', 'JJ')
('shift0', 'JJ')
('direction', 'NN')
('refers', 'NNS')
('crc32', 'VBP')
('out-of-range', 'JJ')
('distribute', 'NN')
('defaulting', 'VBG')
('idat_list', 'JJ')
('png_cmap_rgb', 'NN')
('idats', 'NNS')
('treat', 'VBP')
('cancels', 'NNS')
('farthest', 'JJS')
('restraint', 'NN')
('ggxx', 'NN')
('png_srgb_from_linear', 'JJ')
('multiply', 'RB')
('run-time', 'JJ')
('messages', 'NNS')
('scaling', 'VBG')
('seen', 'VBN')
('expand16', 'JJ')
('corresponds', 'NNS')
('unreset', 'JJ')
('issuing', 'VBG')
('c90', 'NN')
('optimize_alpha', 'JJ')
('inch_conversions', 'NNS')
('completion', 'NN')
('identified', 'VBN')
('bomb', 'NN')
('passfail', 'NN')
('tmpfile', 'NN')
('iterate', 'JJ')
('exclude', 'NN')
('while', 'IN')
('next_length', 'JJ')
('merit', 'NN')
('program', 'NN')
('incremented', 'VBN')
('low-order', 'JJR')
('speed', 'NN')
('quicker', 'NN')
('replicating', 'VBG')
('conform', 'NN')
('electronics', 'NNS')
('png_col_in_interlace_passx', 'VBP')
('read_iccp', 'JJ')
('shorter', 'NN')
('using', 'VBG')
('_mm_avg_epu8', 'JJ')
('marks', 'NNS')
('examination', 'NN')
('calculate', 'VBP')
('png_filler_after', 'NN')
('read_errno', 'NN')
('release', 'NN')
('bypasses', 'VBZ')
('remains', 'VBZ')
('stored', 'JJ')
('manages', 'NNS')
('force', 'VBP')
('convert-to-srgb', 'JJ')
('pseudo-random', 'NN')
('accommodated', 'VBD')
('consistent', 'JJ')
('read_crc', 'NN')
('needing', 'VBG')
('combinatorial', 'NN')
('decided', 'VBD')
('codes', 'NNS')
('trash', 'JJ')
('decision', 'NN')
('ascp', 'NN')
('stuff', 'NN')
('png_handle_chunk_as_default', 'NN')
('roundv', 'VBD')
('channels-1', 'NN')
('goes', 'VBZ')
('carries', 'VBZ')
('correctness', 'NN')
('png_write_flush_after_iend_supported', 'VBD')
('colorants', 'NNS')
('memcmp', 'JJ')
('red-scalegreen-scale', 'JJ')
('httpsenwikipediaorgwikisrgb', 'NN')
('techniques', 'NNS')
('vector', 'VBP')
('composing', 'VBG')
('accelerated', 'VBN')
('wide-spread', 'JJ')
('tracking', 'NN')
('built', 'VBN')
('idmax', 'JJ')
('gray_alpha', 'NN')
('deflate', 'NN')
('searched', 'VBD')
('pm->calculations_use_input_precision', 'NN')
('abse', 'NN')
('error_text', 'NN')
('maintained', 'VBD')
('errors', 'NNS')
('fine', 'JJ')
('cheap', 'JJ')
('bkgrnd', 'NN')
('packard', 'JJ')
('path', 'NN')
('signalled', 'VBD')
('info_iccp', 'JJ')
('file->chunk', 'JJ')
('randers-pehrson', 'NN')
('optimizing', 'VBG')
('supplies', 'NNS')
('blue-ygreen-scale', 'JJ')
('raw', 'JJ')
('beginning', 'VBG')
('stop', 'VB')
('broken', 'JJ')
('reinvent', 'JJ')
('answers', 'NNS')
('png_ptr->zowner', 'JJ')
('-1<<15-png_max_gamma_8', 'NNP')
('zlibh', 'NNP')
('store_pool_delete', 'JJ')
('adjacent', 'JJ')
('stash', 'NN')
('doing', 'VBG')
('regained', 'VBD')
('combos', 'NNS')
('feed', 'VBP')
('png_make_ga_colormap', 'JJ')
('horse', 'NN')
('invalidated', 'VBD')
('log2', 'JJ')
('variety', 'NN')
('trap', 'NN')
('sizes', 'VBZ')
('image->opts', 'JJ')
('depend', 'NN')
('execute', 'NN')
('idat_end', 'VBP')
('complain', 'NN')
('hiding', 'NN')
('chunked', 'VBD')
('ranges', 'NNS')
('predictor', 'NN')
('request', 'VBP')
('computer', 'NN')
('frees', 'NNS')
('see', 'VBP')
('preventing', 'VBG')
('constants', 'NNS')
('truncating', 'VBG')
('software', 'NN')
('flevel', 'JJ')
('chars', 'NNS')
('_init', 'VBP')
('read_filler', 'JJ')
('trust', 'NN')
('area', 'NN')
('narrower', 'IN')
('max-outmax-in', 'JJ')
('preset', 'NN')
('claimed', 'VBD')
('maxcalc', 'NNS')
('care', 'VB')
('self', 'PRP')
('specified', 'VBN')
('p_srgb', 'NN')
('products', 'NNS')
('internationalized', 'VBN')
('expanding', 'VBG')
('02^31-1', 'JJ')
('use_input_precision', 'JJ')
('non-zero', 'NN')
('smashed', 'VBD')
('write_customize_compression', 'NN')
('along', 'IN')
('dropped', 'VBD')
('png_ptr->row_buf1', 'JJ')
('image->file_name', 'JJ')
('store_write_reset', 'NN')
('standard_displayfiller', 'NN')
('mis-match', 'NN')
('rounding', 'VBG')
('contrast', 'NN')
('errorwarning', 'NN')
('counted', 'VBN')
('display_log', 'NN')
('demonstrate', 'NN')
('store_mark', 'NN')
('setjmp_supported', 'VBD')
('handles', 'NNS')
('reduced', 'VBN')
('destination', 'NN')
('keywod', 'NN')
('consult', 'NN')
('ability', 'NN')
('decoded', 'VBD')
('stdout', 'NN')
('original_ip', 'NN')
('requirements', 'NNS')
('monitor', 'VBP')
('back-pointer', 'JJ')
('inserting', 'NN')
('interpretation', 'NN')
('shared', 'VBN')
('filename', 'JJ')
('file->type', 'JJ')
('per-type', 'JJ')
('escape', 'NN')
('raising', 'VBG')
('changes', 'NNS')
('validate', 'VBP')
('sync_stream', 'JJ')
('note', 'NN')
('back-door', 'JJ')
('depthswap', 'NN')
('stripped', 'VBD')
('pass-height', 'JJ')
('9-bit', 'JJ')
('smashes', 'NNS')
('multiplying', 'VBG')
('directlyn', 'JJ')
('body', 'NN')
('tell', 'VB')
('floating', 'VBG')
('scnr', 'JJ')
('whereas', 'NNS')
('image_pixel_add_alpha', 'VBP')
('specification', 'NN')
('performing', 'VBG')
('forbidden', 'JJ')
('track', 'NN')
('math', 'NN')
('align_type', 'NN')
('pngconfh', 'NN')
('saying', 'VBG')
('set_shift', 'JJ')
('png_image_pixel_component_sizefmtheightrow_stride', 'NN')
('summarised', 'VBD')
('goodpng', 'JJ')
('sets', 'NNS')
('a-za-z', 'JJ')
('check_for_invalid_index', 'NN')
('truncation', 'NN')
('idat_len', 'VBN')
('contriblibtestspngstest-errorshn', 'JJ')
('serialized', 'JJ')
('closeness', 'NN')
('png_ptr->rgb_to_gray_blue_coeff', 'JJ')
('approach', 'NN')
('upon', 'IN')
('adequate', 'JJ')
('whenever', 'WRB')
('grey', 'NN')
('percentage', 'NN')
('lesser', 'JJR')
('read-ahead', 'JJ')
('row_init', 'NN')
('responsibility', 'NN')
('user_transform_info', 'JJ')
('differs', 'NNS')
('infinite', 'VBP')
('including', 'VBG')
('ties', 'NNS')
('bytestag', 'NN')
('digitizes', 'NNS')
('caused', 'VBD')
('terminator', 'NN')
('tail', 'NN')
('folded', 'VBN')
('initialization', 'NN')
('valie', 'FW')
('hide', 'JJ')
('gray->rgb', 'JJ')
('blocky', 'NN')
('stifle', 'JJ')
('thing', 'NN')
('insists', 'NNS')
('shipped', 'VBD')
('compares', 'NNS')
('callback', 'VB')
('encountered', 'JJ')
('in-place', 'JJ')
('disk', 'NN')
('deleted', 'VBD')
('png_ptr->pass', 'JJ')
('way', 'NN')
('described', 'VBD')
('todo', 'JJ')
('restrictions', 'NNS')
('mkstemp', 'VBP')
('chunk_data_pos', 'JJ')
('fallthrough', 'JJ')
('backward', 'NN')
('quartets', 'NNS')
('emit', 'VBP')
('appropriate', 'JJ')
('returning', 'VBG')
('send', 'NN')
('png_flag_detect_uninitialized', 'JJ')
('identifies', 'NNS')
('validated', 'VBD')
('fixing', 'VBG')
('casts', 'NNS')
('fmt', 'RB')
('-werrorstrict-overflow', 'VBP')
('absir', 'JJ')
('is_error', 'NN')
('memset', 'NN')
('clears', 'VBZ')
('recognition', 'NN')
('rounds', 'NNS')
('exist', 'VBP')
('architecture', 'NN')
('facilitate', 'NN')
('gained', 'VBD')
('aim', 'JJ')
('fesetround', 'NN')
('faster', 'RBR')
('apply', 'RB')
('read_splt', 'VB')
('perfect', 'JJ')
('triplets', 'NNS')
('interface', 'VBP')
('png_background_is_gray', 'JJ')
('flushes', 'NNS')
('fist', 'JJ')
('per-file', 'JJ')
('red-y', 'NN')
('desired', 'VBD')
('destroys', 'NNS')
('fflushfclose', 'JJ')
('egg', 'NN')
('png_modification', 'NN')
('es_loes_hi', 'FW')
('png_info_idat', 'FW')
('wild', 'JJ')
('cause', 'NN')
('intensityopaque', 'NN')
('markers', 'NNS')
('overflow', 'VBP')
('reserve', 'NN')
('scp', 'NN')
('triples', 'NNS')
('improved', 'VBN')
('after', 'IN')
('leaked', 'JJ')
('remaining_space', 'NN')
('caveat', 'NN')
('png_abort', 'NN')
('combinations', 'NNS')
('quantizing', 'VBG')
('bckg', 'NN')
('png_fp_1', 'NN')
('digitized', 'VBD')
('hidden', 'JJ')
('adjusts', 'NNS')
('issue', 'NN')
('floorv', 'VBP')
('attempt', 'NN')
('overflowed', 'VBN')
('app_fail', 'IN')
('compiler', 'NN')
('restore', 'NN')
('marked', 'VBD')
('nbytes', 'NNS')
('--relaxes', 'JJ')
('arm', 'NN')
('triangle', 'NN')
('helper', 'NN')
('g^gamma', 'NN')
('gives', 'VBZ')
('two-pass', 'JJ')
('hold', 'NN')
('provides', 'VBZ')
('popcount', 'JJ')
('perception', 'NN')
('blue-yred-scale', 'JJ')
('non-transform', 'JJ')
('libpng-156', 'JJ')
('restriction', 'NN')
('checksum', 'NN')
('next_format', 'NN')
('added', 'VBD')
('png-fix-itxt', 'JJ')
('determinants', 'NNS')
('48-bit', 'JJ')
('made', 'VBD')
('vlo-vhi', 'JJ')
('leave', 'JJ')
('poyntoncom', 'NN')
('read_srgb', 'NN')
('read_expand', 'NN')
('inexact', 'JJ')
('overwrote', 'JJ')
('strips', 'NNS')
('finds', 'VBZ')
('performed', 'VBN')
('logged', 'JJ')
('respect', 'NN')
('endpoints_matchp_srgb', 'IN')
('confusing', 'VBG')
('file->idat_max', 'JJ')
('info_ptr->color_type', 'JJ')
('trip', 'NN')
('xy->whitey', 'JJ')
('implements', 'NNS')
('m<<24', 'JJ')
('xyznumber', 'NNP')
('bitmap', 'NN')
('name5', 'RB')
('alpha_optimized', 'VBN')
('png_read_packswap_supported', 'VBN')
('priority', 'NN')
('damage', 'NN')
('_fixed', 'VBD')
('routines', 'NNS')
('freeimage', 'NN')
('skip_bad_crc', 'JJ')
('sensitivity', 'NN')
('alternative', 'JJ')
('x<0', 'JJ')
('libpng-106g', 'JJ')
('tableiv', 'NN')
('alternate', 'NN')
('store_message', 'NN')
('been', 'VBN')
('max_bits', 'NNS')
('fflush', 'JJ')
('transparency', 'NN')
('png_ptr->zstream', 'NN')
('calculating', 'VBG')
('png_pass_rowsheight', 'JJ')
('worrying', 'VBG')
('png_add_alpha', 'NN')
('log', 'NN')
('filtering', 'VBG')
('isbitmax', 'JJ')
('get', 'NN')
('initializer', 'JJ')
('meanings', 'NNS')
('successive', 'JJ')
('kbytes', 'NNS')
('maintain', 'VBP')
('results', 'NNS')
('s32s00', 'JJ')
('log2bit_depth', 'JJ')
('style', 'NN')
('store_error', 'NN')
('hardware', 'NN')
('~png_rgb_to_gray', 'JJ')
('selects', 'NNS')
('base_formats', 'VBZ')
('headers', 'NNS')
('decrease', 'VBP')
('rearrange', 'NN')
('switch', 'NN')
('applying', 'VBG')
('limitserrors', 'NNS')
('filelength', 'VBP')
('transform_display', 'JJ')
('combo', 'JJ')
('white-y', 'JJ')
('needs', 'NNS')
('during', 'IN')
('grayscale-no-alpha', 'JJ')
('png_set_invert_monopng_structrp', 'NN')
('version_nn_nn_nn', 'NN')
('tablelow', 'NN')
('compared', 'VBN')
('conversions', 'NNS')
('errno', 'VBP')
('studio', 'NN')
('append', 'NN')
('represent', 'NN')
('route', 'NN')
('violates', 'VBZ')
('format_flag', 'JJ')
('ok_bits', 'NNS')
('image-height', 'JJ')
('floorvlo-vhi', 'JJ')
('satisfactory', 'JJ')
('repeat', 'NN')
('demand', 'NN')
('kill', 'NN')
('parentheses', 'VBZ')
('inputoutput', 'JJ')
('zlib_control', 'NN')
('harm', 'NN')
('exported', 'VBD')
('unpremultiply', 'JJ')
('read_count', 'NN')
('incremental', 'JJ')
('breaking', 'VBG')
('narrowing', 'VBG')
('meters', 'NNS')
('sake', 'VBP')
('bigendian', 'JJ')
('bool', 'NN')
('damaged', 'VBD')
('evaluated', 'VBN')
('gammacomposergb-to-gray', 'JJ')
('leak', 'NN')
('read_user_chunks_supported', 'VBD')
('occurs', 'NNS')
('sse2', 'RB')
('repeated', 'VBD')
('pixelbyte', 'JJ')
('none', 'NN')
('recalculate', 'NN')
('pngvalid', 'JJ')
('counts', 'NNS')
('srgb_to_d', 'VBP')
('png_warn_uninitialized_row', 'NN')
('led', 'VBD')
('front', 'JJ')
('therein', 'RB')
('defaulted', 'VBD')
('composed', 'VBN')
('weighted', 'JJ')
('sizeof', 'NN')
('retrieve', 'VBP')
('decompose', 'NN')
('rfc1950', 'NN')
('whether', 'IN')
('threw', 'NN')
('accumulated', 'VBD')
('damages', 'NNS')
('pack', 'VBP')
('z_default_strategy', 'NN')
('june', 'NN')
('article', 'NN')
('warningerror', 'NN')
('listssfnet', 'NN')
('treats', 'NNS')
('compare_two_images', 'VBP')
('equality', 'NN')
('rewrite', 'VBP')
('z_stream_end', 'NN')
('xin', 'NN')
('explain', 'VBP')
('zconfh', 'JJ')
('allocators', 'NNS')
('compilers', 'NNS')
('ignores', 'NNS')
('png_color_type_palette', 'VBP')
('skipped', 'JJ')
('saves', 'NNS')
('clever', 'VBP')
('gammabackground_rgb_to_gray', 'NN')
('guts', 'NNS')
('opportunity', 'NN')
('printf', 'VBP')
('strings', 'NNS')
('matter', 'NN')
('png_invert_alpha', 'VBP')
('progressive_read', 'JJ')
('white-x', 'NN')
('tested', 'JJ')
('insecure', 'NN')
('outputs', 'VBZ')
('jump', 'JJ')
('handler', 'NN')
('16-bits', 'JJ')
('treatment', 'NN')
('png_pass_height', 'JJ')
('approaches', 'NNS')
('backgroundpre-multiplication', 'NN')
('generate', 'NN')
('exists', 'VBZ')
('frames', 'JJ')
('poyntons', 'NNS')
('green-c', 'JJ')
('forms', 'NNS')
('clobbers', 'NNS')
('afterwards', 'NNS')
('page', 'NN')
('png_jmpbuf', 'NN')
('pointed', 'VBD')
('callbacks', 'NNS')
('chunk_end', 'VBP')
('png_{getset}_unknown_chunks', 'NNS')
('performance', 'NN')
('grab', 'NN')
('involve', 'VBP')
('input_file', 'NN')
('assurance', 'NN')
('pngtest_timing', 'VBG')
('assuming', 'VBG')
('everything', 'NN')
('named', 'VBN')
('g-16', 'JJ')
('no-transform', 'JJ')
('advantage', 'NN')
('interdependencies', 'NNS')
('color-scale', 'JJ')
('solved', 'JJ')
('defines', 'NNS')
('applications', 'NNS')
('>green', 'JJ')
('modifications', 'NNS')
('digital', 'JJ')
('modes', 'NNS')
('overlap', 'VBP')
('world', 'NN')
('distinguish', 'NN')
('png_read_pack_supported', 'VBN')
('misbehavior', 'JJ')
('says', 'VBZ')
('mark', 'NN')
('standards', 'NNS')
('use_compile_time_masks', 'JJ')
('fall', 'NN')
('unpg', 'NN')
('fault', 'NN')
('discover', 'NN')
('assertchannels', 'NNS')
('xor', 'VBP')
('strip_alpha', 'JJ')
('quarter', 'NN')
('performs', 'NNS')
('arent', 'JJ')
('luminance', 'NN')
('includes', 'VBZ')
('lot', 'CC')
('green-cgreen-scale', 'JJ')
('reentered', 'JJ')
('png_set_shiftpng_structp', 'NN')
('enforces', 'NNS')
('verified', 'VBD')
('decrement', 'JJ')
('png_filler', 'NN')
('png_swap_bytes', 'NNS')
('compiled', 'VBD')
('png_invert_mono', 'JJ')
('normalize', 'JJ')
('determinant', 'JJ')
('0-25', 'JJ')
('muldiv', 'NN')
('sync_flush', 'NN')
('magic', 'NN')
('compile', 'NN')
('simplified_read', 'JJ')
('column', 'NN')
('confusion', 'NN')
('allocated', 'VBD')
('mass', 'NN')
('replaces', 'NNS')
('warnuse', 'VBP')
('breakage', 'NN')
('getting', 'VBG')
('indicated', 'VBN')
('flow', 'JJ')
('chance', 'NN')
('colour_type', 'NN')
('write_png', 'JJ')
('configure', 'NN')
('loaded', 'VBN')
('assumes', 'VBZ')
('test_uses_encodings', 'NNS')
('recovery', 'NN')
('consider', 'VB')
('understands', 'NNS')
('xyz1', 'JJ')
('find', 'VBP')
('png_ptrunknown_chunk', 'JJ')
('matching', 'VBG')
('avoiding', 'VBG')
('acquire', 'VB')
('cexcepth', 'NN')
('cleans', 'NNS')
('preserves', 'VBZ')
('extreme', 'JJ')
('information', 'NN')
('out-of-memory', 'JJ')
('object', 'NN')
('@<number>', 'NNP')
('green-zgreen-scale', 'JJ')
('inability', 'NN')
('inaccuracies', 'NNS')
('nyi', 'JJ')
('reallocation', 'NN')
('png_ptr->jmp_buf_ptr', 'JJ')
('booleans', 'NNS')
('d->error_return', 'JJ')
('startup', 'JJ')
('tristimulus', 'NN')
('permit', 'NN')
('fifth', 'VBD')
('onto', 'IN')
('aliased', 'VBN')
('exact', 'JJ')
('match', 'NN')
('endrc', 'NN')
('published', 'VBN')
('<httpwwwpoyntoncomnotescolour_and_gamma>', 'NNP')
('remove', 'VB')
('read_int_functions', 'NNS')
('`_epi8`', 'VBP')
('positives', 'NNS')
('move', 'VBP')
('adobe', 'NN')
('approximations', 'NNS')
('overwrites', 'VBZ')
('delete', 'JJ')
('suffix', 'RB')
('drop', 'NN')
('modifier_read', 'NN')
('is_transparent', 'NN')
('nonzero', 'NN')
('file_initcontrolfile', 'NN')
('store_storefile', 'NN')
('reseed', 'NN')
('trashed', 'VBD')
('byte-swaps', 'JJ')
('greyscale', 'NN')
('middle', 'JJ')
('integer', 'NN')
('places', 'NNS')
('parallel', 'JJ')
('abuse', 'RB')
('subtracted', 'VBD')
('strip_16', 'JJ')
('componentalpha', 'NN')
('forces', 'NNS')
('png_use_compile_time_masks', 'VBP')
('oops', 'JJ')
('a-c', 'JJ')
('poynton', 'NN')
('transform_widthpp', 'NN')
('algorithms', 'VBP')
('alter', 'RB')
('converge', 'JJ')
('fio21-cdonotcreatetemporaryfilesinshareddirectories', 'NNS')
('chunk_info', 'NN')
('aligned', 'VBN')
('reuse', 'RB')
('urged', 'JJ')
('reduces', 'NNS')
('takes', 'VBZ')
('safety', 'NN')
('values><n', 'NN')
('theory', 'JJ')
('addition', 'NN')
('parse', 'IN')
('chunk_write', 'JJ')
('chunklen-4u-chunkpos', 'JJ')
('requires', 'VBZ')
('steal', 'JJ')
('modify_fn', 'NNS')
('outputoutput_size', 'VBP')
('set_expand', 'NN')
('supposed', 'VBN')
('directtions', 'NNS')
('guiwindowing', 'VBG')
('ethernet', 'JJ')
('re-allocs', 'JJ')
('png_pack', 'NN')
('defaultz_ok', 'NN')
('forbids', 'NNS')
('names', 'RB')
('supporting', 'VBG')
('implies', 'NNS')
('pipeline', 'NN')
('buggy', 'IN')
('8-bit', 'JJ')
('pair', 'NN')
('describes', 'VBZ')
('lookups', 'NNS')
('png_background', 'IN')
('elements', 'NNS')
('operations', 'NNS')
('premultiply', 'VBP')
('shiftsbit', 'JJ')
('corruption', 'NN')
('vary', 'JJ')
('solution', 'NN')
('indices', 'NNS')
('verifies', 'NNS')
('chunkidat', 'VBP')
('reconstructed', 'VBN')
('accumulate', 'JJ')
('remainder', 'NN')
('environment', 'NN')
('stupidity', 'NN')
('gain', 'NN')
('cb16', 'NN')
('above', 'IN')
('supply', 'NN')
('process_chunk', 'NN')
('circular', 'JJ')
('scale', 'NN')
('reflect', 'NN')
('numbers', 'NNS')
('conversion', 'NN')
('deprecated', 'VBN')
('global_use', 'NN')
('exceeded', 'VBD')
('alpha05', 'JJ')
('colormaps', 'NNS')
('extend', 'VBP')
('paeth', 'VBZ')
('although', 'IN')
('consume', 'NN')
('invariant', 'JJ')
('character', 'NN')
('received', 'VBD')
('calculation', 'NN')
('png_div51value', 'NN')
('frame', 'NN')
('pool->list', 'JJ')
('set_modifier_for_read', 'NN')
('awk', 'NN')
('configurations', 'NNS')
('stop_invalid', 'VBP')
('write_trns', 'NNS')
('write_optimize_cmf', 'VBP')
('saw', 'VBD')
('png_expand_16', 'JJ')
('support', 'NN')
('hex', 'VBD')
('libpng-1611', 'JJ')
('eliminates', 'NNS')
('fits', 'NNS')
('whines', 'NNS')
('png_libpng_ver', 'RB')
('safer', 'VBP')
('cached', 'JJ')
('crashing', 'NN')
('png_handle_as_unknown_supported', 'VBD')
('affect', 'JJ')
('outputting', 'VBG')
('blue-yblue-scale', 'JJ')
('intercepted', 'JJ')
('xrgbrgbxagga', 'NN')
('idat_pos', 'NN')
('atob0tag', 'NN')
('worktime', 'NN')
('syncing', 'VBG')
('stores', 'NNS')
('print0', 'JJ')
('registers', 'NNS')
('linearize', 'VBP')
('transform_range_check', 'NN')
('specifies', 'NNS')
('went', 'VBD')
('write_interlace', 'NN')
('reallocates', 'NNS')
('circumstances', 'NNS')
('others', 'NNS')
('product', 'NN')
('ten', 'NN')
('get_trns', 'VBZ')
('per', 'IN')
('grp', 'NN')
('store_memory', 'NN')
('let', 'NN')
('limitation', 'NN')
('ceil100000327672', 'VB')
('pnglibconfh', 'NN')
('modified', 'VBN')
('log2x257', 'JJ')
('pnghn', 'NN')
('reacked', 'VBD')
('subsequent', 'JJ')
('series', 'NN')
('png_pass_start_rowpass', 'NN')
('generated', 'VBD')
('_ini', 'NNP')
('resync', 'NN')
('coeefficients', 'NNS')
('warndiscard', 'VBP')
('enumerate', 'JJ')
('png_noreturn', 'NN')
('ok-bits', 'JJ')
('slack', 'NN')
('namedcolor', 'NN')
('contents', 'NNS')
('customization', 'VBP')
('re-chunking', 'NN')
('png_read_background_supported', 'JJ')
('protect', 'NN')
('decide', 'NN')
('manage', 'NN')
('bckc', 'NN')
('sliding', 'VBG')
('knuth', 'JJ')
('re-use', 'JJ')
('rewriting', 'VBG')
('png_flag_mng_filter_64', 'JJ')
('div-by-zero', 'NN')
('preserved', 'VBD')
('sgp', 'JJ')
('png_destroy_struct_2', 'NN')
('alpha0', 'VBD')
('held', 'VBN')
('turn', 'JJ')
('png-mng-implement', 'JJ')
('g16', 'NN')
('leading', 'VBG')
('converse', 'NN')
('ignored', 'VBD')
('flushing', 'VBG')
('green-x', 'JJ')
('~poyntonnotescolour_and_gammacolorfaqtxt', 'JJ')
('gray-to-rgb', 'JJ')
('horowitz', 'NN')
('wrappers', 'NNS')
('failures', 'VBZ')
('boundaries', 'NNS')
('breakpoints', 'NNS')
('causes', 'NNS')
('amend', 'VBP')
('top-most', 'JJ')
('simplified_write_stdio', 'NN')
('edited', 'VBD')
('v090', 'JJ')
('past', 'IN')
('vhi', 'NN')
('ordering', 'NN')
('segmented', 'VBD')
('overriding', 'VBG')
('pixelsbytes', 'NNS')
('_shift', 'VBP')
('-19', 'RB')
('choose', 'JJ')
('packswap', 'NNS')
('declare', 'VBP')
('z_null', 'JJ')
('read_invert_alpha', 'NN')
('excludes', 'NNS')
('unpc', 'JJ')
('in_pixel', 'JJ')
('amounts', 'NNS')
('libpng-109beta03', 'JJ')
('register', 'NN')
('combines', 'NNS')
('packed', 'VBD')
('iterator', 'JJ')
('instability', 'NN')
('-5e-4', 'NNP')
('overread', 'VBD')
('byte-by-byte', 'JJ')
('-710', 'NNP')
('runtime', 'NN')
('z_streammsg', 'NN')
('convenience', 'NN')
('uint_max5', 'JJ')
('absolute', 'NN')
('turned', 'VBD')
('easy_access', 'JJ')
('signals', 'NNS')
('july', 'VBP')
('file_init', 'JJ')
('assume_16_bit_calculations', 'NNS')
('members', 'NNS')
('png_bgr', 'VBP')
('delayed', 'VBN')
('16-number_of_signifiant_bits', 'NNS')
('succeeded', 'VBD')
('describe', 'JJ')
('png_pass_start_colpass', 'NN')
('ab-c', 'JJ')
('zstate', 'NN')
('section', 'NN')
('warnings', 'NNS')
('verbatim', 'VBP')
('white_scale', 'JJ')
('constraints', 'NNS')
('formula', 'VBP')
('designed', 'VBN')
('floorv-vhivhi', 'JJ')
('guarantees', 'NNS')
('comparisons', 'NNS')
('configuration', 'VBP')
('b-ca-c', 'JJ')
('standard_display', 'NN')
('returns', 'NNS')
('ansi-c90', 'JJ')
('png_pass_col_shiftpass', 'NN')
('idat_reset', 'VBN')
('green-scale', 'JJ')
('out-of-buffer', 'NN')
('quietuse', 'NN')
('antidote', 'JJ')
('libpng-1243', 'JJ')
('in-err', 'JJ')
('outside', 'NN')
('>background', 'NN')
('throughout', 'IN')
('activate', 'JJ')
('destabilizing', 'JJ')
('sufficient', 'JJ')
('exits', 'NNS')
('gcc_strict_overflow', 'VBP')
('tests', 'NNS')
('read_transforms', 'NNS')
('-5e-5', 'VBP')
('blocks', 'NNS')
('say', 'VBP')
('color-x', 'JJ')
('nimages1', 'JJ')
('mediocre', 'NN')
('enforce', 'NN')
('consortium', 'NN')
('piped', 'VBD')
('libpng-1510', 'JJ')
('png_unexpected_zlib_return', 'NN')
('grayalpha', 'NN')
('err_action', 'NN')
('insufficient', 'NN')
('maxin_digits12', 'NN')
('installed', 'VBD')
('integers', 'NNS')
('zlibs', 'VBP')
('destroy_read_struct', 'NN')
('runs', 'NNS')
('validunknown{beforeafter}', 'VBP')
('swapped', 'VBN')
('vhivlo', 'IN')
('blue-c', 'JJ')
('cant', 'NN')
('viewing', 'VBG')
('filetype', 'JJ')
('save_unknown_chunks', 'NNS')
('red-zred-scale', 'JJ')
('date', 'NN')
('png_read_strip_alpha_supported', 'VBD')
('png_max_error_text', 'JJ')
('layout', 'NN')
('z_ok', 'NN')
('p-c', 'JJ')
('variation', 'NN')
('chunky', 'NN')
('initializes', 'VBZ')
('areas', 'NNS')
('formatted', 'VBN')
('base_formatsin_format', 'JJ')
('programs', 'NNS')
('info_image', 'VBP')
('zlib_ok', 'JJ')
('non', 'RB')
('png_read_16_to_8_supported', 'VBN')
('overflows', 'VBZ')
('ensures', 'NNS')
('user_mem', 'JJ')
('bitsettest', 'JJS')
('differencing', 'VBG')
('supported', 'VBN')
('corrected', 'VBN')
('sorted', 'VBN')
('branch', 'NN')
('dll', 'NN')
('lengthtypepos', 'NN')
('moving', 'VBG')
('lets', 'NNS')
('erroroverflow', 'JJ')
('curve', 'NN')
('png_read_swap_supported', 'VBD')
('png_encode_alpha', 'JJ')
('bit-33', 'JJ')
('running', 'VBG')
('passing', 'VBG')
('png_use_read_macros', 'JJ')
('read_ztxt', 'NN')
('stdio', 'NN')
('iff', 'JJ')
('super-class', 'NN')
('unpacks', 'NNS')
('wrapped', 'VBD')
('glibc', 'NN')
('latin', 'NN')
('gpc_error_to_colormap', 'JJ')
('logpixel', 'JJ')
('fast-and-inaccurate', 'JJ')
('future', 'NN')
('affects', 'VBZ')
('non-default', 'JJ')
('chose', 'NN')
('controls', 'NNS')
('swaps', 'NNS')
('division', 'NN')
('enable-arm-neon', 'RB')
('overritten', 'JJ')
('png_set_quantizepng_structp', 'NN')
('destroyed', 'VBD')
('agree', 'JJ')
('candidate', 'NN')
('want', 'NN')
('cleaned', 'VBD')
('readwrite', 'JJ')
('followed', 'VBD')
('compounds', 'NNS')
('bit_width', 'JJ')
('evil', 'JJ')
('z_finish', 'NN')
('macros', 'NNS')
('inverting', 'VBG')
('trailing', 'VBG')
('byte-swap', 'JJ')
('factor', 'NN')
('lengthchunk-name', 'JJ')
('lookup', 'NN')
('mismatch', 'NN')
('globals', 'NNS')
('incorporated', 'VBN')
('recover', 'RB')
('generator', 'JJ')
('expressions', 'NNS')
('trouble', 'NN')
('leap', 'JJ')
('local_use', 'NN')
('read_expand_16', 'NN')
('satisfy', 'NN')
('process_idat', 'NN')
('out_ct', 'NN')
('arise', 'NN')
('unum', 'NN')
('reverses', 'VBZ')
('faked', 'JJ')
('boring', 'JJ')
('file-not-found', 'NN')
('inverses', 'NNS')
('winc', 'VBP')
('decompress', 'JJ')
('info_struct', 'NN')
('inflatec', 'NN')
('png_expand_trns', 'VBZ')
('branches', 'NNS')
('considers', 'NNS')
('rechunk_length', 'VBP')
('strip-alpha-channel', 'NN')
('png_read_expand_supported', 'VBN')
('gpc', 'JJ')
('sprintf', 'NN')
('ones', 'NNS')
('ignore', 'VBP')
('handling', 'VBG')
('gnuc', 'NN')
('flip', 'NN')
('shifted', 'VBD')
('sparkle', 'JJ')
('manner', 'NN')
('deduces', 'NNS')
('throw', 'VBP')
('resets', 'NNS')
('destruction', 'NN')
('tags', 'NNS')
('rebuild', 'VBP')
('convoluted', 'VBN')
('rgb->gray', 'JJ')
('simplifying', 'VBG')
('error_in_premultiply', 'RB')
('compacted', 'VBN')
('operation', 'NN')
('inserted', 'VBN')
('graphics', 'NNS')
('crc320ul', 'VBP')
('contain', 'NN')
('harness', 'NN')
('write_flush', 'NN')
('rfc', 'NN')
('tells', 'NNS')
('_supported', 'VBD')
('read_alpha_mode', 'NN')
('prevents', 'NNS')
('thats', 'VBZ')
('sanity', 'JJ')
('wstrict', 'JJ')
('response', 'NN')
('read_gamma', 'NN')
('compute', 'NN')
('position', 'NN')
('whiteopaque', 'NN')
('separator', 'NN')
('png_compose', 'VBD')
('debugging', 'VBG')
('use_update_info', 'JJ')
('aborts', 'NNS')
('expecting', 'VBG')
('dots', 'NNS')
('increasing', 'VBG')
('allocations', 'NNS')
('errorquit', 'NN')
('replaced', 'VBD')
('normalized', 'JJ')
('summarize', 'NN')
('spectra', 'NN')
('was', 'VBD')
('total_length', 'JJ')
('loss', 'NN')
('reading', 'VBG')
('requiring', 'VBG')
('readings', 'NNS')
('instantiate', 'JJ')
('translation', 'NN')
('script', 'NN')
('below', 'IN')
('stderr', 'JJ')
('dot', 'NN')
('v095', 'NN')
('tolerance', 'NN')
('detect', 'VBP')
('guaranteed', 'VBN')
('permutes', 'NNS')
('self-consistent', 'JJ')
('knows', 'NNS')
('existing', 'VBG')
('png_ptr->trans_alphai', 'JJ')
('filling', 'JJ')
('inform', 'NN')
('png_read_update_info->png_read_start_row', 'NN')
('formats', 'NNS')
('accuracies', 'NNS')
('constraint', 'VBP')
('issues', 'NNS')
('transparencytrns', 'NNS')
('prefixsuffix', 'VBP')
('png_max_malloc_64k', 'NN')
('lose', 'VBP')
('favoring', 'VBG')
('command', 'NN')
('reversal', 'NN')
('5precision', 'CD')
('as-yet', 'JJ')
('derivatives', 'NNS')
('dont', 'JJ')
('platforms', 'NNS')
('info->num_palette', 'JJ')
('degrade', 'NN')
('pertain', 'NN')
('reduce', 'VB')
('calculated', 'VBN')
('depends', 'NNS')
('zlib_init', 'RBR')
('microsoft', 'JJ')
('png_debug_malloc', 'NN')
('bitwise', 'NN')
('decent', 'NN')
('matched', 'VBD')
('httpsgccgnuorgbugzillashow_bugcgiid66447', 'NN')
('reaches', 'NNS')
('stripunsafe', 'JJ')
('experiences', 'NNS')
('badpng', 'VBP')
('digitization', 'NN')
('excluding', 'VBG')
('srgb14', 'NN')
('png_read_invert_mono_supported', 'VBN')
('inversion', 'NN')
('tricky', 'JJ')
('httpswwwsecurecodingcertorgconfluencedisplayc', 'NN')
('ztxtitxt', 'NN')
('scanner', 'NN')
('precedence', 'NN')
('typing', 'VBG')
('waste', 'NN')
('ciexyz', 'NN')
('a<baba>b', 'NN')
('ifdefs', 'JJ')
('datastream', 'NN')
('lengthen', 'NN')
('premultiplying', 'VBG')
('png_get_io_ptrpng_ptr', 'JJ')
('via_linear', 'NN')
('know', 'VBP')
('invalidate', 'JJ')
('feature', 'NN')
('deleting', 'VBG')
('distinct', 'JJ')
('that', 'IN')
('built-in', 'JJ')
('adam7', 'NN')
('vpagster', 'NN')
('masking', 'VBG')
('hit', 'VBN')
('initialized', 'JJ')
('80-bit', 'JJ')
('png_row_in_interlace_passy', 'NN')
('unique', 'JJ')
('require', 'NN')
('flush_data_fn', 'NN')
('quantity', 'NN')
('commented', 'VBD')
('png_default_claim', 'NN')
('flushed', 'VBD')
('maintainers', 'NNS')
('rgba-16', 'RB')
('terminated', 'VBD')
('inside', 'IN')
('encode_alpha', 'NN')
('obtained', 'VBN')
('law', 'NN')
('fatal', 'JJ')
('sig_bits0', 'NN')
('changed', 'VBD')
('achannels', 'NNS')
('png_max_palette_length', 'VBP')
('gamma_display', 'NN')
('represented', 'VBN')
('details', 'NNS')
('png_div51gray', 'JJ')
('accuracy', 'NN')
('fake', 'VBP')
('png_swap_alpha', 'NN')
('provided', 'VBD')
('libpng-099', 'JJ')
('datainput_size', 'NN')
('advance', 'NN')
('dither', 'NN')
('png_set_backgroundpng_structp', 'NN')
('value-5', 'JJ')
('energy', 'NN')
('holding', 'VBG')
('modf', 'NNS')
('dumb', 'NNS')
('nused', 'VBD')
('silence', 'NN')
('_current', 'JJ')
('yes', 'RB')
('inherent', 'JJ')
('error_in_compose', 'JJ')
('redgreenbluewhitexxy', 'NN')
('attempts', 'NNS')
('overrides', 'IN')
('interesting', 'JJ')
('termination', 'NN')
('block', 'NN')
('produces', 'VBZ')
('continues', 'VBZ')
('source', 'NN')
('file-bits', 'JJ')
('libpng-1412', 'JJ')
('devicelink', 'NN')
('prophoto', 'NN')
('png_rowbytes', 'VBZ')
('libpng-126', 'JJ')
('containing', 'VBG')
('accumulating', 'VBG')
('tend', 'JJ')
('enter', 'NN')
('messy', 'JJ')
('unset', 'JJ')
('store_palette', 'NN')
('doesnt', 'NN')
('examplec', 'NN')
('catches', 'NNS')
('set_store_for_read', 'VBP')
('fixup', 'JJ')
('redgreenbluexxyz', 'NN')
('constructed', 'VBN')
('condition', 'NN')
('releases', 'VBZ')
('serves', 'VBZ')
('png_pass_row_shiftpass', 'NN')
('converted', 'VBD')
('displaying', 'VBG')
('formatting', 'VBG')
('something', 'NN')
('compressions', 'NNS')
('unsigned_max1', 'JJ')
('pngfixc18113', 'NN')
('resulting', 'VBG')
('twos', 'JJ')
('tbd', 'NN')
('inflate', 'NN')
('recommended', 'VBN')
('chunk_read', 'JJ')
('prevent', 'NN')
('non-palette', 'NN')
('taken', 'VBN')
('rechunking', 'VBG')
('lists', 'NNS')
('png_write_optimize_cmf_supported', 'VBD')
('implementation', 'NN')
('non-benign', 'JJ')
('intersection', 'NN')
('subdivision', 'NN')
('true-color', 'NN')
('locals', 'NNS')
('strerror', 'VBP')
('please', 'JJ')
('modifies', 'NNS')
('treated', 'VBD')
('indexed', 'JJ')
('switches', 'NNS')
('triggers', 'NNS')
('leaves', 'NNS')
('occurred', 'VBD')
('event', 'NN')
('cases', 'NNS')
('read_compressed_text', 'VBP')
('proceed', 'JJ')
('wrap', 'NN')
('imagerow', 'NN')
('weve', 'VBP')
('png_srgb_profile_checks', 'NNS')
('tendency', 'NN')
('cancel', 'NN')
('did', 'VBD')
('order', 'NN')
('beyond', 'IN')
('defeat', 'NN')
('stray', 'JJ')
('unlink', 'JJ')
('double-gamma-correction', 'NN')
('plane', 'NN')
('executes', 'VBZ')
('nnnn', 'RB')
('digitzed', 'VBN')
('provide', 'VBP')
('alloc_ptr', 'JJ')
('documentation', 'NN')
('for_background', 'NN')
('failure', 'NN')
('bottom', 'NN')
('decimal', 'JJ')
('png_ptr->output_flush_fn', 'JJ')
('pre-multiplication', 'NN')
('writiing', 'VBG')
('recompile', 'JJ')
('absib', 'JJ')
('color-maps', 'NNS')
('png_read_filler_supported', 'VBD')
('alignment', 'JJ')
('attempting', 'VBG')
('truncate', 'NN')
('than', 'IN')
('happen', 'JJ')
('architectures', 'NNS')
('writer', 'VBP')
('management', 'NN')
('zlibdeflate', 'NN')
('deep', 'JJ')
('inflateinit2strm0', 'NN')
('disclaimer', 'JJ')
('color->gray', 'JJ')
('apis', 'NN')
('document', 'NN')
('behavior', 'NN')
('costs', 'NNS')
('reached', 'VBD')
('seems', 'VBZ')
('discarded', 'JJ')
('seeds', 'NNS')
('overwriting', 'VBG')
('dbl_max', 'JJ')
('speed-up', 'JJ')
('applied', 'VBN')
('maxpc16', 'NN')
('abc', 'NN')
('store_log', 'NN')
('closest', 'JJS')
('report', 'NN')
('png_ptr->unknown_default', 'NN')
('receives', 'VBZ')
('site', 'NN')
('chop', 'NN')
('misplaced', 'VBD')
('bytewise', 'NN')
('ihdr', 'NN')
('png_strip_alpha', 'NN')
('right_shift', 'NN')
('fraction', 'NN')
('computations', 'NNS')
('superfast', 'VBP')
('presented', 'VBN')
('interpolation', 'NN')
('abort', 'NN')
('suffixed', 'VBD')
('whichever', 'JJ')
('fix-up', 'JJ')
('red-scalegreen-scaleblue-scale', 'JJ')
('increment', 'NN')
('sbits', 'NNS')
('printed', 'VBN')
('relevant', 'JJ')
('addresses', 'NNS')
('sources', 'NNS')
('placed', 'VBD')
('context', 'JJ')
('inaccurate', 'NN')
('zeroes', 'NNS')
('png_read_invert_alpha_supported', 'VBD')
('difference', 'NN')
('optimizer', 'NN')
('destroy', 'JJ')
('allocationdeallocation', 'NN')
('benign_errors', 'NNS')
('copes', 'VBP')
('write_compressed_text', 'JJ')
('contriblibteststestpngsn', 'NN')
('png_set_swap_alphapng_structrp', 'JJ')
('blue-xred-scale', 'JJ')
('bits-per-pixel', 'JJ')
('mis', 'NN')
('random', 'NN')
('_out', 'IN')
('started', 'VBN')
('pngrioc', 'NN')
('reads', 'NNS')
('share', 'NN')
('png_read_gray_to_rgb_supported', 'VBN')
('png_alpha_png', 'RB')
('>keep', 'JJ')
('read_gray_to_rgb', 'NN')
('deduce', 'NN')
('type_name', 'NN')
('requirement', 'NN')
('undoes', 'NNS')
('diy', 'VBP')
('prepare', 'NN')
('problem', 'NN')
('guarantee', 'NN')
('expansion', 'NN')
('decoding', 'VBG')
('under', 'IN')
('from_1', 'NN')
('enclosing', 'VBG')
('types', 'NNS')
('replicate', 'JJ')
('fashion', 'NN')
('posix', 'NN')
('spread', 'NN')
('unless', 'IN')
('reversing', 'VBG')
('permute', 'NN')
('trigger', 'NN')
('zapped', 'VBD')
('align', 'RB')
('png_easy_access_supported', 'VBN')
('configh', 'JJ')
('non-matching', 'JJ')
('log2value65535', 'NN')
('libpng-14x', 'JJ')
('discards', 'NNS')
('dijkstra', 'JJ')
('segment', 'NN')
('debug', 'NN')
('known', 'VBN')
('inline', 'NN')
('accomplished', 'VBN')
('read_chrm', 'JJ')
('error_via_linear', 'VBP')
('fclose', 'RB')
('deallocated', 'VBN')
('color-c', 'JJ')
('possibilities', 'NNS')
('deinterlace', 'VBP')
('read_unknown_chunks', 'NNS')
('extracted', 'VBD')
('finer', 'JJR')
('white-xwhite-y', 'JJ')
('reserved', 'VBN')
('-05', 'JJ')
('redgray', 'NN')
('perror', 'NN')
('lg2', 'NN')
('duplicate', 'NN')
('instructed', 'VBD')
('libpng-17', 'JJ')
('efficient', 'JJ')
('combine', 'NN')
('mimics', 'NNS')
('npalette', 'VBP')
('compressseduncompressed', 'VBN')
('instantiating', 'VBG')
('shift-32', 'JJ')
('r^gamma', 'NN')
('do_round', 'NN')
('relative', 'JJ')
('andn', 'NN')
('nothing', 'NN')
('succeed', 'VB')
('primary', 'JJ')
('atob0', 'NNS')
('relying', 'VBG')
('cpu', 'NN')
('c99', 'NN')
('colorant', 'NN')
('scale16', 'NN')
('png_fp_saw_e', 'NN')
('displays', 'NNS')
('encounter', 'VBP')
('alpha_mode', 'JJ')
('handlingwarning', 'VBG')
('trim', 'JJ')
('intrapixel', 'JJ')
('understand', 'NN')
('behaves', 'NNS')
('reference', 'VBP')
('adjustment', 'JJ')
('write_srgb', 'NN')
('ship', 'NN')
('matters', 'NNS')
('answer', 'VBP')
('sense', 'NN')
('swallow', 'NN')
('contained', 'VBD')
('cut', 'VBN')
('contribtoolschecksum-icc', 'JJ')
('produce', 'NN')
('giving', 'VBG')
('itu-r', 'JJ')
('blue-ywhite-scale', 'JJ')
('hexadecimal', 'JJ')
('converts', 'NNS')
('linked-list', 'JJ')
('axis', 'NN')
('levels', 'NNS')
('ownership', 'NN')
('gpr', 'VBZ')
('ab-c-c', 'JJ')
('>screen', 'JJ')
('platform', 'NN')
('encode', 'NN')
('because', 'IN')
('outmax', 'NN')
('transforming', 'VBG')
('continue', 'JJ')
('expression', 'NN')
('harder', 'NN')
('creation', 'NN')
('idhr', 'NN')
('works', 'VBZ')
('store_malloc', 'RB')
('premultiplied', 'JJ')
('check_end', 'VBP')
('per-pixel', 'JJ')
('overwritten', 'NNS')
('unsetinvalidonoff', 'RP')
('synced', 'VBD')
('filled', 'VBN')
('cnhp730sicc', 'NN')
('aed', 'NN')
('substitution', 'NN')
('fillers', 'NNS')
('gamma122', 'VBP')
('read_ip', 'NN')
('adopted', 'VBN')
('becomes', 'RB')
('archived', 'JJ')
('expands', 'NNS')
('preallocate', 'JJ')
('lead', 'JJ')
('<option>{on|off}', 'NN')
('paramsnparams', 'NNS')
('png_set_bgrpng_structrp', 'VBP')
('tables', 'NNS')
('adam', 'VBP')
('png_16_to_8', 'JJ')
('contribtoolsmakesrgbc', 'JJ')
('signal', 'JJ')
('png_interlace', 'NN')
('quantities', 'NNS')
('approximate', 'VBP')
('silent', 'JJ')
('design', 'NN')
('expanded', 'VBD')
('x86', 'NNP')
('sedgewick', 'JJ')
('isolate', 'NN')
('touchy', 'NN')
('png_read_start_image', 'NN')
('rowpass', 'NN')
('inaccuracy', 'NN')
('contriblibtestspngvalidc', 'NN')
('sees', 'VBZ')
('storing', 'VBG')
('png_fp_end', 'VB')
('mantissa', 'JJ')
('inconsistent', 'NN')
('stripping', 'VBG')
('iso', 'JJ')
('account', 'NN')
('s32', 'JJ')
('prints', 'NNS')
('sub-byte', 'JJ')
('happened', 'VBD')
('classed', 'JJ')
('assigns', 'NNS')
('rules', 'NNS')
('composition', 'NN')
('turns', 'VBZ')
('cope', 'NN')
('storesave', 'VBP')
('--strict', 'VBN')
('deletes', 'NNS')
('ids', 'NNS')
('rewrite_offset', 'VBP')
('png_do_read_transforms', 'NNS')
('replicates', 'NNS')
('next_type', 'RB')
('killed', 'VBD')
('exit', 'NN')
('implement', 'NN')
('minus', 'NN')
('permitted', 'VBD')
('conditions', 'NNS')
('messed', 'VBD')
('rightmost', 'NN')
('gpre', 'NN')
('minimum', 'JJ')
('gzip', 'JJ')
('read-errno', 'JJ')
('widens', 'NNS')
('low-bit', 'JJ')
('specify', 'JJ')
('aborting', 'VBG')
('light', 'JJ')
('disclaimern', 'JJ')
('redundant', 'JJ')
('improvement', 'NN')
('react', 'NN')
('improving', 'VBG')
('combined', 'VBN')
('pixel-wise', 'JJ')
('pngrtranc', 'NN')
('replace', 'VB')
('<httpwwwinforampnet~poynton>', 'JJ')
('compile-time', 'JJ')
('parallelize', 'NN')
('drift', 'NN')
('restart', 'NN')
('completed', 'VBN')
('usage', 'JJ')
('funky', 'NN')
('idat_listcount', 'NN')
('hence', 'NN')
('deflatebound', 'NN')
('pngsuite', 'JJ')
('loaders', 'NNS')
('chosen', 'VBP')
('stealing', 'VBG')
('trojan', 'NN')
('longer', 'RB')
('alpha257', 'RB')
('predicted', 'JJ')
('effects', 'NNS')
('pngwutilc', 'VBP')
('setpos', 'JJ')
('inc', 'NN')
('minimize', 'VB')
('png_modifier', 'JJR')
('verify', 'NN')
('triggering', 'VBG')
('got', 'VBD')
('atimes', 'RB')
('someone', 'NN')
('experimental', 'JJ')
('preference', 'NN')
('variations', 'NNS')
('demonstration', 'NN')
('consistency', 'NN')
('optimization', 'NN')
('quoted', 'VBD')
('equivalent', 'JJ')
('recognize', 'NN')
('secure', 'NN')
('interactions', 'NNS')
('start_image', 'VBP')
('subtables', 'NNS')
('matrices', 'NNS')
('epsilon', 'VBP')
('missing', 'VBG')
('read_shift', 'NN')
('time_rfc1123', 'NN')
('risk', 'NN')
('congruential', 'JJ')
('starts', 'NNS')
('precalculated', 'VBN')
('multiplication', 'NN')
('saving', 'VBG')
('color-space', 'NN')
('zlib_run', 'NN')
('sharing', 'VBG')
('choice', 'NN')
('help', 'NN')
('cramers', 'NNS')
('hack', 'VBP')
('assumptions', 'NNS')
('closure', 'NN')
('typingerrors', 'NNS')
('icc_info', 'VBP')
('bad_combos', 'JJ')
('png_ptr->trans_alpha', 'JJ')
('holds', 'VBZ')
('worked', 'VBN')
('grayscalergb', 'JJ')
('retain', 'NN')
('keeping', 'VBG')
('<all', 'JJ')
('png_set_invert_alphapng_structrp', 'NN')
('floorvalue', 'NN')
('contining', 'VBG')
('b16c', 'NN')
('out_palette', 'NN')
('possibility', 'NN')
('take', 'VB')
('points', 'NNS')
('png_read_supported', 'VBN')
('looking', 'VBG')
('guest', 'JJS')
('trying', 'VBG')
('advice', 'NN')
('select', 'NN')
('programming', 'VBG')
('predicts', 'NNS')
('streams', 'JJ')
('p_linear', 'VBP')
('involves', 'VBZ')
('implicit', 'JJ')
('adapted', 'VBN')
('prediction', 'NN')
('factors', 'NNS')
('pngstest', 'VBP')
('isnt', 'NN')
('relied', 'VBN')
('do_16bit', 'NN')
('binary', 'JJ')
('png_filter_value_up', 'NN')
('idat_listlength', 'NN')
('expectations', 'NNS')
('detects', 'VBZ')
('longjmppng_ptr->jmp_buf_ptr', 'JJ')
('read_rgb_to_gray', 'NN')
('happening', 'VBG')
('rfc1123', 'NN')
('taps', 'NNS')
('detail', 'VBP')
('round-trip', 'NN')
('filedata_pos', 'NN')
('writes', 'VBZ')
('vlo-vhi128', 'JJ')
('case', 'NN')
('avoids', 'NNS')
('january', 'JJ')
('>38149', 'NNP')
('emit_stringstrerrorerrno', 'NN')
('symmetric', 'JJ')
('redefine', 'NN')
('bit-depth', 'JJ')
('example', 'NN')
('interpolate', 'NN')
('quieted', 'VBD')
('sorting', 'VBG')
('g8b', 'NN')
('feel', 'NN')
('returned', 'VBD')
('reporting', 'VBG')
('skipping', 'VBG')
('pre-multiplying', 'JJ')
('correction', 'NN')
('pre-transform', 'NN')
('records', 'NNS')
('png_packswap', 'VBP')
('lanes', 'NNS')
('putting', 'VBG')
('rare', 'JJ')
('come', 'VBN')
('crazy', 'JJ')
('linearized', 'VBN')
('restored', 'VBD')
('reducing', 'VBG')
('reinitializes', 'NNS')
('prototype', 'NN')
('tofrom', 'NN')
('wacky', 'JJ')
('moment', 'NN')
('png_fp_fraction', 'NN')
('defer', 'VBP')
('png_ptr->palette', 'NN')
('rewind', 'NN')
('scaled', 'VBD')
('compare', 'JJ')
('masks', 'NNS')
('interval', 'JJ')
('crc_one_byte', 'NN')
('bugs', 'NNS')
('copyright', 'VBD')
('registered', 'JJ')
('panel', 'NN')
('png_set_packswappng_structrp', 'NN')
('providing', 'VBG')
('pre-multiply', 'JJ')
('asking', 'VBG')
('operationspixel', 'JJ')
('store_free', 'JJ')
('--relaxed', 'VBN')
('error_to_linear', 'JJ')
('review', 'NN')
('eliminated', 'VBD')
('applies', 'NNS')
('realloc', 'VBP')
('dilger', 'NN')
('anyhow', 'NN')
('overridden', 'JJ')
('considered', 'VBN')
('d65', 'NN')
('introduced', 'VBN')
('png_col_from_pass_colxin', 'NN')
('idea', 'NN')
('chunkoverhead', 'NN')
('png_set_gray_1_2_4_to_8', 'NN')
('problems', 'NNS')
('rewrites', 'VBZ')
('fixes', 'JJ')
('figures', 'NNS')
('word', 'NN')
('chunkchunk_type', 'NN')
('basedelta', 'NN')
('libpng-108', 'JJ')
('follows', 'VBZ')
('parser', 'NN')
('narrow', 'JJ')
('input-5', 'JJ')
('subtract', 'NN')
('harmless', 'NN')
('logging', 'VBG')
('resolve', 'VB')
('around', 'IN')
('windows', 'NNS')
('fills', 'NNS')
('leaks', 'NNS')
('association', 'NN')
('check_gamma', 'NN')
('stopped', 'VBD')
('alpha_removed', 'JJ')
('png_warning_parameter_count', 'NN')
('following', 'VBG')
('suggests', 'NNS')
('constifies', 'NNS')
('derived', 'VBD')
('min_bits', 'NNS')
('sort', 'NN')
('circumvents', 'NNS')
('achieve', 'VBP')
('gamma_depth', 'NN')
('proceeding', 'NN')
('enabled', 'VBD')
('ourselves', 'PRP')
('gropes', 'NNS')
('adds', 'VBZ')
('coefficients', 'NNS')
('reduction', 'NN')
('conforms', 'NNS')
('seem', 'VBP')
('introducing', 'VBG')
('png_write_interlacing_supported', 'VBN')
('without', 'IN')
('simpler', 'NN')
('chromaticadaptationtag', 'NN')
('interact', 'NN')
('repeating', 'VBG')
('cube', 'NNS')
('mapping', 'VBG')
('hope', 'NN')
('terminates', 'NNS')
('indicate', 'VBP')
('safetys', 'JJ')
('extract', 'NN')
('png_simplified_write_supported', 'VBN')
('truncates', 'NNS')
('png_optimized_alpha', 'IN')
('discarding', 'VBG')
('disappear', 'JJ')
('predict', 'JJ')
('round', 'NN')
('deciding', 'VBG')
('write_packswap', 'JJ')
('reveal', 'NN')
('overflowing', 'VBG')
('action', 'NN')
('thinks', 'VBZ')
('make_standard', 'JJ')
('decoder', 'NN')
('display->background', 'NN')
('theyd', 'NN')
('maxabs', 'VBD')
('color-type3', 'JJ')
('increases', 'NNS')
('suggested', 'VBD')
('rgb-8', 'JJ')
('nested', 'JJ')
('skp', 'NN')
('damanged', 'VBD')
('objects', 'NNS')
('amount', 'JJ')
('break', 'JJ')
('vlo-vhi12865535', 'JJ')
('xopen', 'JJ')
('claims', 'NNS')
('guess', 'NN')
('develop', 'VBP')
('copy', 'NN')
('png_store', 'NN')
('accurate', 'NN')
('excess', 'NN')
('mapped', 'VBD')
('bundle', 'JJ')
('evidence', 'NN')
('interferes', 'NNS')
('exit_test', 'VBP')
('read_itxt', 'NN')
('compiling', 'VBG')
('png_info_chunk', 'NN')
('tile', 'NN')
('png_filter_value_none', 'NN')
('input5', 'NN')
('import', 'NN')
('heuristics', 'NNS')
('safe-to-copy', 'JJ')
('padded', 'VBD')
('png_read_shift_supported', 'VBN')
('arranged', 'JJ')
('marker', 'NN')
('minimal', 'JJ')
('failing', 'VBG')
('deallocation', 'NN')
('assert', 'NN')
('ambiguities', 'NNS')
('checked', 'VBD')
('illusion', 'NN')
('read_quantize', 'NN')
('png_warnings_supported', 'VBD')
('intel', 'JJ')
('november', 'NNP')
('convention', 'NN')
('asked', 'VBD')
('function_name', 'JJ')
('cbrow', 'NN')
('does', 'VBZ')
('about', 'IN')
('pending', 'VBG')
('sure', 'JJ')
('png_errorpng_ptr', 'JJ')
('md54', 'NN')
('breaks', 'NNS')
('involving', 'VBG')
('crc_init', 'NN')
('theres', 'NNS')
('assume', 'VBP')
('distribution', 'NN')
('blue-xblue-scale', 'JJ')
('row_info->bit_depth', 'JJ')
('trycatch', 'NN')
('intermediate', 'NN')
('unpack', 'NN')
('png_set_background_fixedpng_structp', 'JJ')
('library', 'JJ')
('p-a', 'JJ')
('undo', 'JJ')
('cygwin', 'NN')
('matrix', 'VBD')
('pre-17', 'JJ')
('png_io_chunk_hdr', 'NN')
('people', 'NNS')
('stack', 'VBP')
('png_set_rgb_to_graypng_structp', 'NN')
('determined', 'VBN')
('applicationconfiguration', 'NN')
('turning', 'VBG')
('guard', 'JJ')
('rotate', 'NN')
('handlers', 'NNS')
('signed', 'VBD')
('buffer_init8', 'JJ')
('median', 'JJ')
('knowledge', 'NN')
('taking', 'VBG')
('implemented', 'JJ')
('ferror', 'NN')
('non-printing', 'JJ')
('do_trns', 'NNS')
('initializations', 'NNS')
('end1', 'VBP')
('legion', 'NN')
('rejected', 'VBD')
('increase', 'NN')
('adam7yx', 'NN')
('sized', 'VBD')
('bits', 'NNS')
('mistake', 'VBP')
('succeeds', 'VBZ')
('mac', 'JJ')
('origin', 'NN')
('kind', 'NN')
('positioning', 'VBG')
('alphatransparency', 'NN')
('deduced', 'VBD')
('garbage', 'NN')
('valuev', 'NN')
('--dp', 'NNP')
('ancestors', 'NNS')
('powoutg', 'VBP')
('discard', 'RB')
('png_row_from_pass_rowyin', 'JJ')
('validate_t', 'NN')
('comparing', 'NN')
('clobbered', 'VBD')
('predictive', 'JJ')
('keywords', 'NNS')
('fail', 'VBP')
('discovered', 'VBN')
('myfile', 'JJ')
('file_bits', 'NNS')
('obscure', 'JJ')
('encoder', 'VBP')
('zeroed', 'JJ')
('cie', 'JJ')
('libpng-154', 'JJ')
('whitespace', 'NN')
('run', 'VB')
('working', 'VBG')
('correspond', 'NN')
('chunkname', 'NN')
('truefalse', 'RB')
('pended', 'VBD')
('shell', 'NN')
('max>0', 'NNS')
('simplified_write', 'JJ')
('distances', 'NNS')
('libpng-140', 'JJ')
('sse', 'NN')
('writing', 'VBG')
('bad_combo_list', 'NN')
('created', 'VBD')
('spaces', 'NNS')
('png-implement', 'JJ')
('historic', 'JJ')
('stress', 'NN')
('comes', 'VBZ')
('blue-scale', 'JJ')
('parsing', 'VBG')
('rgb-16', 'JJ')
('someplace', 'NN')
('separated', 'VBD')
('displayed', 'JJ')
('introduces', 'NNS')
('functionarg', 'VBP')
('wants', 'VBZ')
('summing', 'VBG')
('libtool', 'JJ')
('bitcolor', 'NN')
('utf', 'JJ')
('logic', 'JJ')
('uses', 'NNS')
('mask_alpha', 'VBP')
('allowing', 'VBG')
('pre-built', 'JJ')
('b32768', 'JJ')
('integrity-check', 'NN')
('alpha025', 'NN')
('rest', 'NN')
('ready_for_ztxt', 'NN')
('pass>>1', 'NN')
('iow', 'NN')
('png_fp_saw_dot', 'NN')
('piece', 'NN')
('pngfixc', 'IN')
('end-points', 'NNS')
('cleared', 'VBN')
('counter', 'JJ')
('libpngs', 'NNS')
('experiment', 'JJ')
('test_exhaustive', 'JJ')
('squared', 'VBN')
('image_pixel', 'JJ')
('white-z', 'JJ')
('png_user_mem_supported', 'VBN')
('randomized', 'JJ')
('consists', 'NNS')
('commoned', 'VBD')
('overhead', 'JJ')
('non-interlacing', 'JJ')
('error_to_srgb_grayscale', 'NN')
('deflatereset', 'NN')
('understood', 'NN')
('starting', 'VBG')
('validation', 'NN')
('with', 'IN')
('intersects', 'NNS')
('rgb193193193', 'VBP')
('jmpbuf', 'JJ')
('incorporate', 'NN')
('configureac', 'NN')
('<16', 'NNP')
('rows', 'VBZ')
('premultiplication', 'NN')
('illuminant', 'NN')
('read_file', 'NN')
('degree', 'NN')
('changing', 'VBG')
('profiles', 'NNS')
('crc_finish', 'JJ')
('side', 'NN')
('png_image_buffer_size', 'NN')
('betas', 'NNS')
('btoax', 'VBP')
('technique', 'JJ')
('read_user_chunks', 'NNS')
('lone', 'VBP')
('png_fp_saw_sign', 'JJ')
('pre-1610', 'JJ')
('strip', 'NN')
('bounds', 'VBZ')
('vision', 'NN')
('zlib_advance', 'NN')
('expect', 'VBP')
('hanging', 'VBG')
('bitspixel', 'NN')
('reciprocals', 'NNS')
('quiets', 'NNS')
('restricted', 'VBD')
('freed', 'JJ')
('8-gamma_shift', 'JJ')
('rationale', 'NN')
('no-op', 'JJ')
('andreas', 'NNS')
('protected', 'VBN')
('decompression', 'NN')
('nmcl', 'NN')
('took', 'VBD')
('blue-x', 'NN')
('clause', 'NN')
('duplicated', 'VBD')
('ways', 'NNS')
('setjmp', 'JJ')
('write_customize_ztxt_compression', 'NN')
('standard_', 'NN')
('slip', 'NN')
('_imp', 'NNP')
('removal', 'NN')
('description', 'NN')
('modulo', 'NN')
('user_limits', 'NNS')
('making', 'VBG')
('inquiry', 'JJ')
('header', 'NN')
('unsigned_max', 'JJ')
('settings', 'NNS')
('claim', 'VBP')
('null', 'JJ')
('weirdness', 'NN')
('exception', 'NN')
('recovered', 'VBD')
('approximation', 'NN')
('eof', 'NN')
('p_file', 'NN')
('log265535655345', 'NN')
('confounded', 'VBD')
('looks', 'NNS')
('before', 'IN')
('powiv', 'NN')
('freedom', 'NN')
('mechanisms', 'RBS')
('compliant', 'JJ')
('wwwcolororg', 'NN')
('required', 'VBN')
('chopping', 'VBG')
('begin_read', 'JJ')
('stride', 'JJ')
('stdarg', 'NN')
('candidates', 'NNS')
('custom', 'VBP')
('b^gamma', 'JJ')
('pre-160', 'JJ')
('dimensions', 'NNS')
('failed', 'VBD')
('processed', 'JJ')
('lab', 'NN')
('statement', 'NN')
('work', 'NN')
('pngwritec', 'JJ')
('build', 'JJ')
('pngh', 'NN')
('worthy', 'JJ')
('andor', 'NN')
('red-scale', 'JJ')
('__cplusplus', 'JJ')
('bogus', 'NN')
('expects', 'VBZ')
('cost', 'NN')
('calling', 'VBG')
('negate', 'JJ')
('insert', 'NN')
('arises', 'NNS')
('alphas', 'RB')
('instantiated', 'VBN')
('png_structrow_fn', 'NN')
('accumulaten', 'JJ')
('mmx', 'NN')
('-165535', 'NNP')
('indicates', 'VBZ')
('png_io_chunk_crc', 'JJ')
('systems', 'NNS')
('facility', 'NN')
('the_exception_context', 'JJ')
('coefficients_overridden', 'JJ')
('replacements', 'NNS')
('license', 'VBP')
('png_structpng_info', 'NN')
('system', 'NN')
('reject', 'VBP')
('kept', 'VBN')
('png_read_gamma_supported', 'JJ')
('bytes-per-pixel', 'JJ')
('chunk-name', 'NN')
('ask', 'NN')
('png_set_rgb_to_gray_fixedpng_structp', 'NN')
('expressed', 'VBD')
('memory-specific', 'JJ')
('producing', 'VBG')
('slots', 'JJ')
('compatibility', 'NN')
('copying', 'VBG')
('non-overflowing', 'JJ')
('apple', 'NN')
('ga-8', 'NN')
('png_setjmp_supported', 'VBD')
('cprt', 'JJ')
('encoded_sample', 'JJ')
('introduce', 'NN')
('capability', 'NN')
('png_ptr->bit_depth', 'JJ')
('removes', 'NNS')
('libpng_ver', 'RB')
('persist', 'VBP')
('complements', 'NNS')
('make_size_images', 'NNS')
('files', 'NNS')
('octet', 'VBP')
('allocation', 'JJ')
('art', 'IN')
('red-c', 'JJ')
('endpoints', 'NNS')
('record', 'NN')
('red-cred-scale', 'NN')
('correct', 'NN')
('decompressed', 'VBD')
('validating', 'VBG')
('formed', 'VBN')
('generic', 'JJ')
('reset', 'JJ')
('quantization', 'NN')
('chunk-type', 'NN')
('buffering', 'NN')
('optimizations', 'NNS')
('downloads', 'VBP')
('write_memory', 'JJ')
('search', 'NN')
('critique', 'NN')
('introduction', 'NN')
('fileid', 'NN')
('hardwired', 'VBD')
('gamut', 'JJ')
('sequential_read', 'JJ')
('meet', 'NN')
('avoid', 'JJ')
('exceptions', 'NNS')
('correspnding', 'VBG')
('instantiates', 'NNS')
('checking', 'VBG')
('libpng-121', 'JJ')
('frequent', 'JJ')
('libpng-1219', 'JJ')
('reflects', 'VBZ')
('zlib_message', 'JJ')
('off-by-one', 'JJ')
('de-interlace', 'NN')
('ensure', 'VB')
('--sp', 'JJ')
('warned', 'VBN')
('blue-zblue-scale', 'JJ')
('compositing', 'VBG')
('characteristics', 'NNS')
('end-point', 'JJ')
('spec', 'JJ')
('color-y', 'JJ')
('utility', 'NN')
('modify', 'NN')
('conformant', 'JJ')
('no_change', 'NN')
('png_create_struct', 'NN')
('filestatus_code', 'NN')
('presumed', 'VBD')
('contribute', 'JJ')
('read_callback', 'NN')
('bt709-3', 'NN')
('png_set_option_supported', 'VBD')
('modifiers', 'NNS')
('png_max_gamma_8', 'JJ')
('max-1', 'JJ')
('replicated', 'VBN')
('building', 'NN')
('store_read_reset', 'NN')
('ensuring', 'VBG')
('bitshigh', 'NN')
('assumed', 'VBD')
('packing', 'VBG')
('violate', 'JJ')
('white-c', 'JJ')
('strcmp', 'NN')
('gnu', 'NN')
('declared', 'VBN')
('encapsulates', 'VBZ')
('benefit', 'VBP')
('inout', 'NN')
('write_filter', 'NN')
('flagged', 'VBD')
('complains', 'NNS')
('non-composition', 'JJ')
('though', 'IN')
('reported', 'JJ')
('goto', 'NN')
('adigits', 'NNS')
('latter', 'RBR')
('mentioned', 'VBD')
('arguments', 'NNS')
('quick', 'JJ')
('algorithm', 'NN')
('retained', 'VBD')
('acts', 'NNS')
('prevented', 'VBN')
('odd', 'JJ')
('limiting', 'VBG')
('expand_16', 'NN')
('enquiry', 'NN')
('chooses', 'VBZ')
('bcpl', 'JJ')
('relates', 'NNS')
('32-bits', 'NNS')
('meter', 'JJ')
('chromaticity', 'NN')
('re-ordering', 'JJ')
('png_composite', 'NN')
('theyre', 'JJ')
('red_sbit', 'NN')
('use-input-precision', 'JJ')
('colours', 'NN')
('happens', 'VBZ')
('z_no_flush', 'JJ')
('png_ptr->rowbytes', 'NNS')
('write_weighted_filter', 'NN')
('structs', 'NNS')
('fact', 'NN')
('interaction', 'NN')
('inflateinit2', 'NN')
('corrupted', 'VBN')
('generates', 'NNS')
('input_sample', 'JJ')
('component<alpha', 'JJ')
('httpswebarchiveorgweb20000816232553wwwinforampnet', 'NN')
('libpng-129', 'JJ')
('deal', 'NN')
('halt', 'NN')
('bit-20', 'JJ')
('composting', 'VBG')
('c-90', 'JJ')
('lock-step', 'JJ')
('png_ptr->transformations', 'NNS')
('part2', 'JJ')
('humans', 'NNS')
('loses', 'VBZ')
('max_length', 'JJ')
('rgba-8', 'JJ')
('encodings0', 'NN')
('released', 'VBN')
('scales', 'NNS')
('png_shift', 'VB')
('situation', 'NN')
('encoding_counter', 'RB')
('z-rc', 'CD')
('gone', 'VBN')
('decompressing', 'VBG')
('read_bgr', 'NN')
('png_store_file', 'NN')
('gpc_', 'NN')
('look', 'NN')
('png_scale_16_to_8', 'JJ')
('dispersion', 'NN')
('generation', 'NN')
('albeit', 'IN')
('error_to_srgb', 'JJ')
('rewritten', 'JJ')
('uarb_div10', 'JJ')
('restricts', 'NNS')
('png_gray_to_rgb', 'VBP')
('fast', 'RB')
('e-n', 'JJ')
('have_intent', 'NN')
('iteration', 'NN')
('loops', 'VBZ')
('adjust', 'JJ')
('accommodate', 'NN')
('hacking', 'NN')
('said', 'VBD')
('png_do_strip_filler', 'NN')
('write_main', 'NN')
('conditioned', 'VBD')
('-001', 'NNP')
('png_convert_size', 'VB')
('tie', 'JJ')
('plte', 'NN')
('meaningful', 'JJ')
('extensions', 'NNS')
('end-of-file', 'JJ')
('png_structtime_buffer', 'NN')
('gamma_shift-1>', 'JJ')
('auto', 'NN')
('room', 'NN')
('cleanup', 'NN')
('do_interlace', 'NN')
('outputavail_out', 'IN')
('replication', 'NN')
('gray_to_rgb', 'NN')
('original_info', 'IN')
('incomplete', 'JJ')
('weird', 'JJ')
('endpoint', 'NN')
('part', 'NN')
('dropping', 'VBG')
('makes', 'VBZ')
('think', 'NN')
('reader', 'VB')
('blue-y-green-y', 'JJ')
('white-scale', 'JJ')
('backgrounds', 'NNS')
('listed', 'VBN')
('security', 'NN')
('lengths', 'JJ')
('mismatches', 'NNS')
('gray-scale', 'JJ')
('dominate', 'NN')
('like', 'IN')
('etc', 'NN')
('intended', 'VBN')
('misinterpretation', 'NN')
('across', 'IN')
('differ', 'NN')
('png_read_unknown_chunks_supported', 'VBN')
('update_info', 'RB')
('adjusted', 'VBN')
('lost', 'VBN')
('z_buf_error', 'NN')
('boolean', 'NN')
('moved', 'VBD')
('logarithm', 'JJ')
('opacity', 'NN')
('removing', 'VBG')
('compilation', 'NN')
('validates', 'NNS')
('expansions', 'NNS')
('buffer_start_write', 'RB')
('png_write_flush_supported', 'VBD')
('convenient', 'JJ')
('ends', 'NNS')
('precise', 'JJ')
('png-fix-itxtc', 'JJ')
('calculations', 'NNS')
('builds', 'NNS')
('gregs', 'NNS')
('assumption', 'NN')
('deinterlacing', 'VBG')
('colorxcolor-z', 'JJ')
('pcs', 'NNS')
('replacing', 'VBG')
('terminators', 'NNS')
('clearing', 'VBG')
('benign', 'JJ')
('jcb', 'NN')
('nan', 'NN')
('samples', 'NNS')
('image_width', 'VBP')
('treates', 'VBZ')
('png-sample', 'JJ')
('threshold', 'NN')
('passed', 'VBD')
('limits', 'NNS')
('canceling', 'VBG')
('shortcut', 'JJ')
('effect', 'NN')
('png_read_bgr_supported', 'VBD')
('msgi', 'JJ')
('jmpbuf_size', 'NN')
('overlaying', 'VBG')
('gamma_shiftiv', 'JJ')
('rgb_alpha', 'NN')
('png_read_rgb_to_gray_supported', 'VBD')
('fractions', 'NNS')
('wraps', 'VBP')
('apparent', 'JJ')
('modifier_reset', 'NN')
('presence', 'NN')
('adding', 'VBG')
('sacrifice', 'NN')
('hill', 'NN')
('whacking', 'VBG')
('xxrrggbb', 'NNP')
('png_size_max', 'JJ')
('seconds', 'NNS')
('inter-chunk', 'JJ')
('floating_point', 'JJ')
('validity', 'NN')
('causing', 'VBG')
('duplicating', 'VBG')
('ga-16', 'JJ')
('caught', 'NN')
('png_read_transforms_supported', 'VBN')
('delay', 'NN')
('subtracting', 'VBG')
('numerator', 'JJ')
('updating', 'JJ')
('floor', 'NN')
('libpng-107', 'JJ')
('png_skip_srgb_check_profile', 'NN')
('pngprivh', 'NN')
('model', 'NN')
('plain', 'NN')
('componentalpha65535', 'JJ')
('png_expand', 'NN')
('addressed', 'VBD')
('non-device', 'JJ')
('moves', 'NNS')
('become', 'VBP')
('dump', 'JJ')
('comparepixel', 'NN')
('kodak', 'JJ')
('widths', 'NNS')
('explicit', 'JJ')
('reverse', 'JJ')
('notice', 'NN')
('danger', 'NN')
('based', 'VBN')
('tidier', 'JJR')
('zap', 'JJ')
('write_interlacing', 'VBG')
('runn', 'JJ')
('too-large', 'JJ')
('logvalue255log2', 'NN')
('pngrutilc', 'IN')
('png-12', 'JJ')
('testing', 'VBG')
('red-x', 'JJ')
('png_rgb_to_gray', 'NN')
('png_no_stdio', 'NN')
('png_read_swap_alpha_supported', 'VBD')
('columns', 'JJ')
('carry', 'JJ')
('colorxcolor-y', 'JJ')
('factoring', 'NN')
('retrieval', 'NN')
('vulnerability', 'NN')
('consumer', 'NN')
('chunk_length8chunk_length11', 'NN')
('allocator', 'NN')
('skips', 'VBZ')
('n_digits', 'NNS')
('device', 'NN')
('read_png', 'NN')
('irrelevant', 'JJ')
('looked', 'VBD')
('png_ptr->zstreammsg', 'NN')
('rounded', 'VBD')
('read_16bit_supported', 'JJ')
('discontinuity', 'NN')
('deflateinit2', 'NN')
('value5', 'NN')
('recording', 'VBG')
('thirty', 'JJ')
('users', 'NNS')
('capabilities', 'NNS')
('default_tests', 'NNS')
('representing', 'VBG')
('perform', 'NN')
('checker', 'NN')
('nul', 'FW')
('safes', 'NN')
('do_compose', 'JJ')
('blue-xred-y', 'JJ')
('posterity', 'NN')
('file-name', 'JJ')
('push_read', 'NN')
('xout', 'IN')
('4-bit', 'JJ')
('maxpc', 'NN')
('scriptspnglibconfdfa', 'NN')
('noise', 'NN')
('tends', 'VBZ')
('calculates', 'VBZ')
('property', 'NN')
('distinction', 'NN')
('buffered', 'VBD')
('preserving', 'JJ')
('single_rowbuf_alloc', 'NN')
('copies', 'NNS')
('newline', 'VBP')
('colormap->pixel', 'JJ')
('dumps', 'NNS')
('obtain', 'VB')
('termed', 'JJ')
('attempted', 'JJ')
('dos', 'NN')
('differences', 'NNS')
('generators', 'NNS')
('png_read_alpha_mode_supported', 'VBD')
('encodings', 'NNS')
('resulted', 'VBD')
('png_alpha_standard', 'JJ')
('png_background_expand', 'NN')
('png_fp_exponext', 'NN')
('accept', 'NN')
('counters', 'NNS')
('read_background', 'VBP')
('boundary', 'JJ')
('mean', 'NN')
('summary', 'JJ')
('reread', 'NN')
('representations', 'NNS')
('lengthtype', 'VBP')
('cse', 'JJ')
('claw', 'NN')
('libpng-1241', 'JJ')
('place', 'NN')
('replacement', 'NN')
('install', 'NN')
('crashed', 'VBD')
('srgb0', 'JJ')
('indicating', 'NN')
('png_read_interlacing_supported', 'VBD')
('nail', 'JJ')
('write-errno', 'JJ')
('given', 'VBN')
('intermediates', 'NNS')
('cancelled', 'VBD')
('png_start_row', 'NN')
('ups', 'NNS')
('robinson', 'JJ')
('representation', 'NN')
('pm->assume_16_bit_calculations', 'NNS')
('aids', 'NNS')
('calls', 'NNS')
('outrowc', 'VBP')
('mathh', 'JJ')
('increments', 'NNS')
('vectors', 'NNS')
('~x1', 'VBP')
('observer', 'IN')
('per-test', 'JJ')
('pointless', 'NN')
('forced', 'VBD')
('pool', 'JJ')
('pab-c', 'JJ')
('lengthtypedata_pos', 'JJ')
('lots', 'NNS')
('relationship', 'NN')
('png_intel_sse_implementation', 'NN')
('recorded', 'VBN')
('transmission', 'NN')
('according', 'VBG')
('png_fp_state', 'NN')
('initiated', 'JJ')
('hunts', 'NNS')
('careful', 'JJ')
('normalization', 'NN')
('data_pos', 'NN')
('riffled', 'VBD')
('coverity', 'NN')
('input_memory', 'NN')
('imposes', 'NNS')
('r^g', 'VBP')
('zeros', 'CD')
('bug', 'JJ')
('de-interlacing', 'JJ')
('glin', 'NN')
('subset', 'NN')
('notreached', 'VBD')
('creating', 'VBG')
('error_to_linear_grayscale', 'JJ')
('production', 'NN')
('owns', 'VBZ')
('cover', 'RB')
('blue-yred-x', 'JJ')
('supplied', 'JJ')
('modifying', 'VBG')
('wish', 'JJ')
('utilities', 'NNS')
('work-around', 'JJ')
('green-y', 'JJ')
('reversed', 'VBN')
('permuting', 'NN')
('status_code', 'NN')
('libpng_warning', 'VBG')
('permits', 'NNS')
('conditioning', 'VBG')
('wishes', 'NNS')
('equivalence', 'NN')
('variant', 'JJ')
('sbitsbit', 'NN')
('corresponding', 'VBG')
('white-cwhite-scale', 'JJ')
('modifier', 'NN')
('optimizes', 'VBZ')
('balance', 'NN')
('approximated', 'JJ')
('quality', 'NN')
('produced', 'VBN')
('too-far-back', 'RB')
('switched', 'JJ')
('overwrite', 'JJ')
('store_progressive_read', 'NN')
('persuade', 'NN')
('mybuffer', 'NN')
('truncated', 'VBD')
('libpng-155', 'JJ')
('depending', 'VBG')
('trumps', 'JJ')
('attacker', 'NN')
('blue-cblue-scale', 'JJ')
('separation', 'NN')
('log2dbl_maxlog2dbl_min', 'NN')
('improve', 'VB')
('implementations', 'NNS')
('grr', 'VB')
('attached', 'VBN')
('depths', 'JJ')
('64-bits', 'JJ')
('encourage', 'NN')
('alters', 'NNS')
('colour', 'VBP')
('abandoned', 'VBN')
('exceed', 'VBP')
('as_default', 'JJ')
('8-bits', 'JJ')
('bchannels', 'NNS')
('gets', 'VBZ')
('wpass', 'JJ')
('gray<->color', 'NN')
('asks', 'NNS')
('indexes', 'NNS')
('inflatereset', 'VBP')
('guidance', 'NN')
('apps', 'NN')
('top', 'JJ')
('transfer', 'NN')
('heights', 'NNS')
('yuck', 'VBP')
('agrees', 'VBZ')
('occur', 'VBP')
('chunk_init', 'NN')
('semantics', 'NNS')
('map', 'VBP')
('png_structgamma', 'JJ')
('incorrect', 'NN')
('contains', 'VBZ')
('chromaticities', 'NNS')
('standard', 'JJ')
('incoming', 'VBG')
('inverse', 'JJ')
('crashes', 'NNS')
('human', 'JJ')
('z_const', 'CD')
('libpng-160', 'JJ')
('frexp', 'JJ')
('absent', 'NN')
('png_div51', 'NN')
('eliminate', 'NN')
('uniqueness', 'JJ')
('meaningless', 'NN')
('merge', 'NN')
('complexity', 'NN')
('sent', 'VBD')
('efficiency', 'NN')
('give', 'VB')
('per-chunk', 'JJ')
('control_end', 'NN')
('allocating', 'VBG')
('revised', 'VBN')
('re-initializer', 'JJ')
('uncomment', 'JJ')
('locations', 'NNS')
('simplify', 'VBP')
('slows', 'VBZ')
('split', 'NN')
('removed', 'VBN')
('worry', 'VBP')
('timing', 'VBG')
('do_expand_16', 'JJ')
('zlib_fatal', 'JJ')
('color-map', 'JJ')
('pngapi', 'NN')
('leaving', 'VBG')
('simplification', 'NN')
('simple', 'JJ')
('setup', 'JJ')
('black-compensation', 'NN')
('pngunknown', 'IN')
('preceding', 'VBG')
('swapping', 'VBG')
('png_transform_', 'JJ')
('thereof', 'NN')
('info_structs', 'NNS')
('chunkpos', 'VBP')
('randomizer', 'JJ')
('deals', 'NNS')
('b16g', 'VBD')
('intervening', 'VBG')
('png_ptr->chunk_name', 'JJ')
('examine', 'NN')
('exponents', 'NNS')
('recycled', 'VBD')
('appear', 'JJ')
('margin', 'NN')
('filenames', 'NNS')
('backgroundcomposite', 'VBP')
('defaults', 'NNS')
('channelscomponents', 'NNS')
('crash', 'VBP')
('store_unknown_chunks', 'NNS')
('unlike', 'IN')
('64-bit', 'JJ')
('blue-xwhite-scale', 'JJ')
('power-law', 'NN')
('blue-xgreen-scale', 'JJ')
('btoaalpha', 'NN')
('pre-transforms', 'NNS')
('ignorediscard', 'NN')
('consumed', 'VBN')
('imagemagick', 'JJ')
('selection', 'NN')
('steps', 'NNS')
('modification', 'NN')
('gb16', 'JJ')
('extension', 'NN')
('exp_b10-1', 'JJ')
('set_packing', 'VBG')
('trailer', 'NN')
('partial-alpha', 'JJ')
('wextra', 'JJ')
('zlib->extra_bytes', 'NNS')
('allocate', 'VBP')
('<chunk>', 'NNS')
('encoded', 'VBD')
('red-xred-scale', 'NN')
('opposed', 'VBN')
('png_set_packingpng_structrp', 'JJ')
('reach', 'NN')
('maxseg_64k', 'NN')
('positioned', 'VBD')
('channel--perhaps', 'JJ')
('insignificant', 'JJ')
('original_rows', 'NNS')
('include', 'VBP')
('e-mail', 'JJ')
('green-ygreen-scale', 'JJ')
('coefficient', 'NN')
('standardized', 'VBD')
('prtr', 'NN')
('in_use', 'NN')
('linked', 'VBD')
('pngc', 'JJ')
('pre-106', 'JJ')
('leads', 'NNS')
('illuminantadopted', 'VBN')
('discourage', 'NN')
('png_filter_optimizations', 'NNS')
('dab2', 'VBP')
('terms', 'NNS')
('chunk_type', 'VBP')
('green-xgreen-scale', 'JJ')
('write_count', 'NN')
('act', 'NN')
('establish', 'VB')
('content', 'JJ')
('png_idat', 'NN')
('selected', 'VBN')
('cannot', 'JJ')
('bogons', 'NNS')
('profile_error', 'VBP')
('print', 'NN')
('loop', 'NN')
('no_flush', 'JJ')
('png_fp_exponent', 'NN')
('ignoring', 'VBG')
('btoa', 'JJ')
('sub-sample', 'JJ')
('scripts', 'NNS')
('intensity', 'NN')
('contribtoolsintgammash', 'VBP')
('elimination', 'NN')
('equation', 'NN')
('png_simplified_read_supported', 'VBD')
('porter-duff', 'JJ')
('z_sync_flush', 'NN')
('assigned', 'VBN')
('charles', 'NNS')
('input-5input5', 'JJ')
('anything', 'NN')
('represents', 'VBZ')
('6-12', 'JJ')
('pick', 'JJ')
('png-fix-itxtexe', 'JJ')
('versions', 'NNS')
('march', 'VBP')
('read_16bit', 'NN')
('hinc', 'JJ')
('emit_error', 'NN')
('means', 'VBZ')
('syntax', 'JJ')
('extent', 'NN')
('implied', 'VBD')
('worth', 'JJ')
('digitize', 'VB')
('macro', 'JJ')
('deallocate', 'NN')
('malloced', 'VBD')
('gammas', 'JJ')
('sigterm', 'JJ')
('optimized', 'VBN')
('clean-up', 'NN')
('parts', 'NNS')
('getset', 'VBD')
('catch', 'VB')
('red-yred-scale', 'JJ')
('configured', 'VBN')
('minor', 'JJ')
('dated', 'VBN')
('fread', 'JJ')
('png-10', 'JJ')
('operate', 'NN')
('scale_16', 'NN')
('dependent', 'JJ')
('blue-y', 'JJ')
('pngwioc', 'NN')
('gamma_shift><n1', 'NN')
('written_file', 'JJ')
('fit', 'JJ')
('shifting', 'VBG')
('app-error', 'JJ')
('cross', 'NN')
('allocates', 'NNS')
('png_cmap_', 'VBP')
('read_chunk', 'JJ')
('asr', 'NN')
('machine', 'NN')
('multiple_algorithms', 'NN')
('despite', 'IN')
('overruns', 'JJ')
('re-read', 'JJ')
('mntr', 'NN')
('documented', 'VBD')
('saw_dot', 'JJ')
('png_header_version_string', 'VBG')
('going', 'VBG')
('xoring', 'VBG')
('lay', 'NN')
('displayblock', 'NN')
('resultant', 'NN')
('png_filler_before', 'NN')
('can_write_interlace', 'NN')
('set_unknown_chunks', 'NNS')
('png_libpng_ver_string', 'VBG')
('seed', 'NN')
('follow', 'VBP')
('read_interlacing', 'VBG')
('coeffcients', 'NNS')
('-11', 'JJ')
('estimate', 'NN')
('samplemaxsample', 'NN')
('alpha_mode_supported', 'VBD')
('depthchannels', 'NNS')
('hides', 'NNS')
('png_div51alpha', 'VBP')
('inchar', 'NN')
('grained', 'VBN')
('complement', 'JJ')
('libpng-127', 'JJ')
('co-exist', 'NN')
('maxout', 'NN')
('png_read_struct', 'NN')
('finding', 'VBG')
('practice', 'NN')
('things', 'NNS')
('obey', 'VBP')
('rule', 'NN')
('set_user_limits', 'NNS')
('checks', 'NNS')
('handle_as_unknown', 'JJ')
('png_ptr->read_buffer', 'NN')
('ended', 'VBD')
('development', 'NN')
('weed', 'NN')
('reasons', 'NNS')
('intcoefficient', 'JJ')
('meant', 'JJ')
('via', 'IN')
('touch', 'JJ')
('freeing', 'VBG')
('png_quantize', 'NN')
('refer', 'NN')
('put', 'VBD')
('cksum', 'JJ')
('generating', 'VBG')
('argv0', 'JJ')
('standard_row', 'NN')
('fixme', 'JJ')
('components', 'NNS')
('libng-1510', 'RB')
('needed', 'VBN')
('expected', 'VBN')
('inter-row', 'JJ')
('established', 'VBN')
('jumps', 'NNS')
('clean', 'JJ')
('adler32', 'RB')
('png_mng_features_supported', 'JJ')
('shifts', 'NNS')
('equations', 'NNS')
('cache', 'VBP')
('png_stdio_supported', 'VBN')
('edit', 'NN')
('extra_bytes', 'VBZ')
('combination', 'NN')
('licensen', 'NN')
('ints', 'NNS')
('show', 'VBP')
('reused', 'JJ')
('comparison', 'NN')
('stepping', 'VBG')
('slow', 'JJ')
('control_init', 'NN')
('limitations', 'NNS')
('matches', 'NNS')
('increased', 'VBD')
('believe', 'JJ')
('innocent', 'NN')
('originating', 'VBG')
('perceive', 'JJ')
('bgra', 'NN')
('recognizes', 'VBZ')
('included', 'VBN')
('stops', 'JJ')
('appears', 'VBZ')
('srgbhdtvitu-rec', 'JJ')
('invariants', 'NNS')
('recognized', 'VBN')
('autovectorize', 'RB')
('whining', 'VBG')
('abgr', 'RP')
('interpreted', 'VBN')
('white-ywhite-y', 'JJ')
('initialize', 'NN')
('relies', 'NNS')
('negating', 'VBG')
('hewlett', 'NN')
('in_digits1', 'NN')
('xyz096421008249', 'NNP')
('backdoor', 'NN')
('gpc_fnout_format', 'NN')
('fails', 'VBZ')
('do_own_interlace', 'NN')
('achieved', 'VBD')
('octal', 'JJ')
('combining', 'VBG')
('awful', 'JJ')
('characters', 'NNS')
('png_read_scale_16_to_8_supported', 'VBD')
('through', 'IN')
('colorfaq', 'NN')
('png_read_expand_16_supported', 'VBN')
('tries', 'NNS')
('opened', 'VBD')
('uarb', 'JJ')
('png_set_swappng_structrp', 'NN')
('aspects', 'NNS')
('forbid', 'JJ')
('inches', 'NNS')
('accepts', 'NNS')
('drops', 'VBP')
('libpng-1230', 'JJ')
('except', 'IN')
('mechanism', 'NN')
('divides', 'NNS')
('requested', 'VBD')
('inflatereset2', 'JJ')
('suggest', 'JJ')
('root-mean-square', 'NN')
('original_pp', 'NN')
('feedback', 'NN')
('buffers', 'NNS')
('behave', 'VBP')
('profiledevice', 'JJ')
('net', 'JJ')
('provoke', 'NN')
('desire', 'NN')
('repositioning', 'VBG')
('p-b', 'JJ')
('wont', 'NN')
('executed', 'VBN')
('until', 'IN')
('opted', 'VBN')
('png_io_chunk_data', 'NNS')
('color-z', 'JJ')
('mallocs', 'JJ')
('typedef', 'NN')
('purposes', 'NNS')
('allows', 'VBZ')
('terminal', 'JJ')
('iend', 'NN')
('backgroundalpha', 'NN')
('compression_buffer', 'NN')
('zlib_vernum', 'NN')
('determine', 'NN')
('processing', 'NN')
('srgb1', 'JJ')
('png_handle_alpha', 'NN')
('b-c', 'JJ')
('printer', 'NN')
('lacks', 'NNS')
('simplified', 'VBD')
('adjusting', 'VBG')
('summaries', 'NNS')
('interpreting', 'VBG')
('computational', 'JJ')
('entered', 'VBN')
('log102', 'JJ')
('measure', 'NN')
('absig', 'NN')
('backwards', 'NNS')
('fire', 'NN')
